{
  "config": {
    "task": "banana",
    "data_dir": "datasets/BananaLSD/AugmentedSet",
    "model_dir": "app/models",
    "img_size": [
      224,
      224
    ],
    "batch_size": 16,
    "epochs": 40,
    "learning_rate": 0.001,
    "validation_split": 0.2,
    "patience": 8
  },
  "accuracy": 0.984375,
  "report": {
    "cordana": {
      "precision": 0.9876543209876543,
      "recall": 1.0,
      "f1-score": 0.9937888198757764,
      "support": 80.0
    },
    "healthy": {
      "precision": 0.9876543209876543,
      "recall": 1.0,
      "f1-score": 0.9937888198757764,
      "support": 80.0
    },
    "pestalotiopsis": {
      "precision": 0.9746835443037974,
      "recall": 0.9625,
      "f1-score": 0.9685534591194969,
      "support": 80.0
    },
    "sigatoka": {
      "precision": 0.9873417721518988,
      "recall": 0.975,
      "f1-score": 0.9811320754716981,
      "support": 80.0
    },
    "accuracy": 0.984375,
    "macro avg": {
      "precision": 0.9843334896077511,
      "recall": 0.984375,
      "f1-score": 0.984315793585687,
      "support": 320.0
    },
    "weighted avg": {
      "precision": 0.9843334896077514,
      "recall": 0.984375,
      "f1-score": 0.9843157935856869,
      "support": 320.0
    }
  },
  "num_classes": 4,
  "training_samples": 1280,
  "validation_samples": 320
}